{"cameraMode":{"drawMode":0,"name":"Shaded","section":"Shading Mode"},"sceneLighting":false,"audioPlay":false,"sceneViewState":{"showFog":true,"showMaterialUpdate":false,"showSkybox":true,"showFlares":true,"showImageEffects":true,"showParticleSystems":true},"in2DMode":false,"pivot":{"x":-0.006072998046875,"y":1.2899999618530274,"z":5.0},"rotation":{"x":-0.19077636301517487,"y":0.05944371595978737,"z":-0.011574355885386467,"w":-0.9797636866569519},"size":4.041658401489258,"orthographic":false}